"Health data","Health category","Category group","First seen in","Apps","App count"
"Heart rate","Cardiovascular","Measurements","Apple","Apple, Google, Samsung, Guava, Heads Up","5"
"Resting heart rate","Cardiovascular","Measurements","Apple","Apple, Google, Samsung, Heads Up","4"
"Walking heart rate average","Cardiovascular","Measurements","Apple","Apple","1"
"Heart rate variability","Cardiovascular","Measurements","Apple","Apple, Google, Samsung, Exist, Heads Up","5"
"Irregular rhythm / AFib notification","Cardiovascular","Measurements","Apple","Apple, Samsung","2"
"ECG recording","Cardiovascular","Measurements","Apple","Apple, Samsung","2"
"Blood pressure","Cardiovascular","Measurements","Apple","Apple, Google, Samsung, Guava, Human Health, Heads Up","6"
"Cardio fitness (VO2max)","Cardiovascular","Measurements","Apple","Apple, Samsung, Heads Up","3"
"Cardio load / training load","Cardiovascular","Measurements","Samsung","Samsung","1"
"Blood oxygen (SpO2)","Respiratory","Measurements","Apple","Apple, Samsung, Heads Up","3"
"Respiratory rate","Respiratory","Measurements","Apple","Apple, Samsung","2"
"Peak expiratory flow","Respiratory","Measurements","Apple","Apple","1"
"Forced vital capacity (FEV1)","Respiratory","Measurements","Apple","Apple","1"
"Sleep apnea / breathing disturbance alert","Respiratory","Measurements","Apple","Apple, Samsung","2"
"Height","Body measurements","Measurements","Apple","Apple, Guava","2"
"Weight","Body measurements","Measurements","Apple","Apple, Google, Samsung, Guava, Human Health, Heads Up","6"
"Body mass index","Body measurements","Measurements","Apple","Apple, Samsung, Heads Up","3"
"Body fat percentage","Body measurements","Measurements","Apple","Apple, Samsung, Heads Up","3"
"Lean / skeletal muscle mass","Body measurements","Measurements","Apple","Apple, Samsung, Heads Up","3"
"Waist circumference","Body measurements","Measurements","Apple","Apple","1"
"Body temperature","Body measurements","Measurements","Apple","Apple, Guava, Human Health","3"
"Wrist / skin temperature deviation","Body measurements","Measurements","Apple","Apple, Samsung","2"
"Steps","Activity & exercise","Activity & lifestyle","Apple","Apple, Google, Samsung, Guava, Exist","5"
"Distance walked or run","Activity & exercise","Activity & lifestyle","Apple","Apple, Google, Samsung, Exist","4"
"Flights climbed","Activity & exercise","Activity & lifestyle","Apple","Apple, Samsung","2"
"Exercise minutes","Activity & exercise","Activity & lifestyle","Apple","Apple, Google, Samsung","3"
"Stand hours / sedentary time","Activity & exercise","Activity & lifestyle","Apple","Apple, Samsung","2"
"Active energy burned","Activity & exercise","Activity & lifestyle","Apple","Apple, Google, Samsung, Exist","4"
"Resting energy","Activity & exercise","Activity & lifestyle","Apple","Apple, Samsung","2"
"Workout session","Activity & exercise","Activity & lifestyle","Apple","Apple, Google, Samsung, Exist","4"
"Workout GPS route","Activity & exercise","Activity & lifestyle","Apple","Apple, Samsung","2"
"Strength sets, reps and load","Activity & exercise","Activity & lifestyle","Apple","Apple, Samsung","2"
"Swim / cycle specific metrics","Activity & exercise","Activity & lifestyle","Apple","Apple, Samsung","2"
"Walking speed","Mobility & balance","Measurements","Apple","Apple","1"
"Step length","Mobility & balance","Measurements","Apple","Apple","1"
"Walking asymmetry","Mobility & balance","Measurements","Apple","Apple","1"
"Double support time","Mobility & balance","Measurements","Apple","Apple","1"
"Walking steadiness","Mobility & balance","Measurements","Apple","Apple","1"
"Stair ascent / descent speed","Mobility & balance","Measurements","Apple","Apple","1"
"Six-minute walk distance","Mobility & balance","Measurements","Apple","Apple","1"
"Fall detection event","Mobility & balance","Measurements","Apple","Apple, Samsung","2"
"Sleep duration","Sleep","Activity & lifestyle","Apple","Apple, Google, Samsung, Human Health, Bearable, Exist","6"
"Sleep stages","Sleep","Activity & lifestyle","Apple","Apple, Google, Samsung","3"
"Time in bed","Sleep","Activity & lifestyle","Apple","Apple, Samsung, Bearable","3"
"Bedtime and wake time","Sleep","Activity & lifestyle","Apple","Apple, Samsung, Bearable","3"
"Sleep schedule consistency","Sleep","Activity & lifestyle","Apple","Apple, Samsung","2"
"Subjective sleep quality","Sleep","Activity & lifestyle","Bearable","Human Health, Bearable","2"
"Nap","Sleep","Activity & lifestyle","Samsung","Samsung","1"
"Snoring / sleep audio","Sleep","Activity & lifestyle","Samsung","Samsung","1"
"Dietary energy (calories)","Nutrition & intake","Activity & lifestyle","Apple","Apple, Google, Samsung","3"
"Macronutrients","Nutrition & intake","Activity & lifestyle","Apple","Apple, Samsung","2"
"Micronutrients","Nutrition & intake","Activity & lifestyle","Apple","Apple, Samsung","2"
"Water intake","Nutrition & intake","Activity & lifestyle","Apple","Apple, Samsung, Bearable, Ostomy apps","4"
"Caffeine intake","Nutrition & intake","Activity & lifestyle","Apple","Apple, Guava, Exist","3"
"Alcohol intake","Nutrition & intake","Activity & lifestyle","Apple","Apple, Guava, Exist","3"
"Meal log / food diary","Nutrition & intake","Activity & lifestyle","Samsung","Samsung, Guava, Human Health, Bearable","4"
"Food tolerance / trigger food","Nutrition & intake","Activity & lifestyle","Human Health","Human Health, Ostomy apps","2"
"Fasting window","Nutrition & intake","Activity & lifestyle","Samsung","Samsung","1"
"Hydration status","Nutrition & intake","Activity & lifestyle","Ostomy apps","Ostomy apps","1"
"Blood glucose","Metabolic","Measurements","Apple","Apple, Google, Guava, Human Health, Heads Up","5"
"Insulin delivery","Metabolic","Measurements","Apple","Apple","1"
"Blood ketones","Metabolic","Measurements","Apple","Apple, Heads Up","2"
"Blood alcohol content","Metabolic","Measurements","Apple","Apple","1"
"Headphone audio exposure","Hearing","Measurements","Apple","Apple","1"
"Environmental sound exposure","Hearing","Measurements","Apple","Apple","1"
"Audiogram","Hearing","Measurements","Apple","Apple","1"
"Menstrual cycle","Reproductive health","Experience","Apple","Apple, Samsung, Guava, Human Health","4"
"Basal body temperature","Reproductive health","Experience","Apple","Apple","1"
"Ovulation / fertility signal","Reproductive health","Experience","Apple","Apple, Guava","2"
"Pregnancy status","Reproductive health","Experience","Apple","Apple, Guava","2"
"Mood rating","Mood & mental wellbeing","Experience","Apple","Apple, Samsung, Guava, Human Health, Bearable, Exist","6"
"State of mind / emotion log","Mood & mental wellbeing","Experience","Apple","Apple","1"
"Stress level","Mood & mental wellbeing","Experience","Samsung","Samsung, Bearable","2"
"Mindfulness / breathing session","Mood & mental wellbeing","Experience","Apple","Apple, Samsung, Human Health","3"
"Time in daylight","Mood & mental wellbeing","Experience","Apple","Apple","1"
"Depression & anxiety questionnaire (PHQ-9, GAD-7)","Mood & mental wellbeing","Experience","Apple","Apple, Human Health","2"
"Symptom occurrence","Symptoms","Experience","Apple","Apple, Guava, Human Health, Bearable","4"
"Symptom severity / impact rating","Symptoms","Experience","Human Health","Guava, Human Health, Bearable","3"
"Symptom body location","Symptoms","Experience","Guava","Guava, Human Health","2"
"Flare start, end and duration","Symptoms","Experience","Human Health","Human Health","1"
"Pain score","Symptoms","Experience","Human Health","Human Health, Bearable","2"
"Fatigue / energy level","Symptoms","Experience","Human Health","Human Health, Bearable","2"
"Headache & migraine episode","Symptoms","Experience","Human Health","Human Health, Bearable","2"
"Wheezing / breathing symptom episode","Symptoms","Experience","Human Health","Human Health","1"
"Nausea & GI symptom episode","Symptoms","Experience","Human Health","Human Health, Bearable","2"
"User-added custom symptom","Symptoms","Experience","Human Health","Human Health, Bearable","2"
"Bowel movement frequency","Digestive & bowel","Experience","Human Health","Human Health, Ostomy apps","2"
"Stool / output consistency","Digestive & bowel","Experience","Human Health","Human Health, Ostomy apps","2"
"Stoma output volume","Digestive & bowel","Experience","Ostomy apps","Ostomy apps","1"
"Pouch emptying frequency","Digestive & bowel","Experience","Ostomy apps","Ostomy apps","1"
"Skin condition / rash log","Skin & wounds","Experience","Human Health","Human Health","1"
"Peristomal skin condition score","Skin & wounds","Experience","Ostomy apps","Ostomy apps","1"
"Wound or site photo series","Skin & wounds","Experience","Human Health","Human Health, Ostomy apps","2"
"Appliance / pouch change event","Appliance & stoma care","Treatment","Ostomy apps","Ostomy apps","1"
"Wear time per appliance","Appliance & stoma care","Treatment","Ostomy apps","Ostomy apps","1"
"Leak event","Appliance & stoma care","Treatment","Ostomy apps","Ostomy apps","1"
"Change reason (scheduled vs leak)","Appliance & stoma care","Treatment","Ostomy apps","Ostomy apps","1"
"Stoma size and shape measurement","Appliance & stoma care","Treatment","Ostomy apps","Ostomy apps","1"
"Stoma appearance photo","Appliance & stoma care","Treatment","Ostomy apps","Ostomy apps","1"
"Accessory used (ring, paste, powder)","Appliance & stoma care","Treatment","Ostomy apps","Ostomy apps","1"
"Next change countdown","Appliance & stoma care","Treatment","Ostomy apps","Ostomy apps","1"
"Supplies on hand / stock count","Supplies & inventory","Supplies","Ostomy apps","Ostomy apps","1"
"Low-stock threshold and alert","Supplies & inventory","Supplies","Ostomy apps","Ostomy apps","1"
"Reorder / supplier record","Supplies & inventory","Supplies","Ostomy apps","Ostomy apps","1"
"Supply cost and reimbursement","Supplies & inventory","Supplies","Ostomy apps","Ostomy apps","1"
"Product brand","Products & equipment","Supplies","Ostomy apps","Ostomy apps","1"
"Product reference / SKU code","Products & equipment","Supplies","Ostomy apps","Ostomy apps","1"
"Product physical attributes (convexity, flange size, barrier)","Products & equipment","Supplies","Ostomy apps","Ostomy apps","1"
"Product catalogue entry","Products & equipment","Supplies","Ostomy apps","Ostomy apps","1"
"Medication list (drug, dose, route, frequency)","Medications & supplements","Treatment","Apple","Apple, Samsung, Guava, Human Health, Bearable","5"
"Dose taken / logged","Medications & supplements","Treatment","Apple","Apple, Samsung, Guava, Human Health, Bearable","5"
"Dose schedule and reminder","Medications & supplements","Treatment","Apple","Apple, Samsung, Guava, Human Health","4"
"PRN / as-needed dose","Medications & supplements","Treatment","Human Health","Human Health, Bearable","2"
"Supplement / vitamin log","Medications & supplements","Treatment","Apple","Apple, Human Health, Bearable, Heads Up","4"
"Side effect log","Medications & supplements","Treatment","Human Health","Human Health, Bearable","2"
"Medication interaction warning","Medications & supplements","Treatment","Apple","Apple","1"
"Non-drug treatment log (physio, therapy)","Treatments & therapies","Treatment","Human Health","Human Health, Bearable","2"
"Treatment plan / protocol","Treatments & therapies","Treatment","Human Health","Human Health","1"
"Supplement and intervention protocol","Treatments & therapies","Treatment","Heads Up","Heads Up","1"
"Daily plan completion percentage","Adherence","Treatment","Human Health","Human Health","1"
"Dose taken vs skipped","Adherence","Treatment","Bearable","Bearable","1"
"Treatment adherence rate","Adherence","Treatment","Human Health","Human Health, Bearable","2"
"Lab analyte value","Lab results & biomarkers","Measurements","Guava","Guava, Human Health, Fasten, Heads Up","4"
"Reference range","Lab results & biomarkers","Measurements","Guava","Guava, Fasten, Heads Up","3"
"Lab panel / specimen metadata","Lab results & biomarkers","Measurements","Fasten","Fasten, Heads Up","2"
"Biomarker trend over time","Lab results & biomarkers","Measurements","Guava","Guava, Heads Up","2"
"Diagnosed condition","Diagnoses & conditions","Clinical records","Guava","Guava, Human Health, Fasten","3"
"Suspected / undiagnosed condition","Diagnoses & conditions","Clinical records","Human Health","Human Health","1"
"Condition onset date and status","Diagnoses & conditions","Clinical records","Fasten","Fasten","1"
"Allergy / intolerance record","Allergies & intolerances","Clinical records","Apple","Apple, Guava, Fasten","3"
"Reaction and severity","Allergies & intolerances","Clinical records","Fasten","Fasten","1"
"Vaccination record","Immunisations","Clinical records","Apple","Apple, Guava, Fasten","3"
"Booster due date","Immunisations","Clinical records","Guava","Guava","1"
"Procedure / surgery record","Procedures & surgeries","Clinical records","Apple","Apple, Fasten","2"
"Hospitalisation / admission","Procedures & surgeries","Clinical records","Fasten","Fasten","1"
"Clinical document (PDF, letter)","Medical documents","Clinical records","Guava","Guava, Human Health, Fasten","3"
"Imaging report","Medical documents","Clinical records","Fasten","Fasten","1"
"Imaging file (DICOM)","Medical documents","Clinical records","Fasten","Fasten","1"
"Pathology report","Medical documents","Clinical records","Fasten","Fasten","1"
"Photo of a paper record","Medical documents","Clinical records","Guava","Guava, Human Health","2"
"Appointment (upcoming or past)","Care encounters","Care & admin","Guava","Guava, Fasten","2"
"Visit / encounter record","Care encounters","Care & admin","Guava","Guava, Fasten","2"
"Visit notes","Care encounters","Care & admin","Guava","Guava","1"
"Questions for the appointment","Care encounters","Care & admin","Guava","Guava","1"
"Doctor-ready summary report","Care encounters","Care & admin","Human Health","Guava, Human Health, Heads Up","3"
"Provider / practitioner record","Care team & admin","Care & admin","Guava","Guava, Fasten","2"
"Pharmacy record","Care team & admin","Care & admin","Guava","Guava","1"
"Insurance coverage and claims","Care team & admin","Care & admin","Guava","Guava, Fasten","2"
"Out-of-pocket cost / receipt","Care team & admin","Care & admin","Guava","Guava","1"
"Medical ID / emergency card","Emergency & identity","Care & admin","Apple","Apple, Guava","2"
"Blood type","Emergency & identity","Care & admin","Apple","Apple","1"
"Emergency contacts","Emergency & identity","Care & admin","Apple","Apple","1"
"Organ donor status","Emergency & identity","Care & admin","Apple","Apple","1"
"Connected device registry","Device & data sources","System","Apple","Apple, Google, Samsung","3"
"Data source priority / conflict rule","Device & data sources","System","Apple","Apple, Google","2"
"Sync status and last sync","Device & data sources","System","Apple","Apple, Google, Samsung, Exist","4"
"Per-datapoint provenance","Device & data sources","System","Apple","Apple, Fasten","2"
"Bulk import (Health Connect, CSV, FHIR)","Device & data sources","System","Google","Google, Fasten, Exist","3"
"Provider portal connection","Device & data sources","System","Guava","Guava, Fasten","2"
"Derived domain score (sleep, energy, heart)","Insights & patterns","System","Apple","Apple, Samsung, Heads Up","3"
"Health age / biological age","Insights & patterns","System","Apple","Apple, Heads Up","2"
"Baseline and trend","Insights & patterns","System","Apple","Apple, Google, Exist, Heads Up","4"
"Detected pattern / written insight","Insights & patterns","System","Google","Google, Human Health, Exist","3"
"Factor-to-outcome correlation","Insights & patterns","System","Bearable","Guava, Bearable, Exist","3"
"Insight feedback rating","Insights & patterns","System","Human Health","Human Health","1"
"Goal / target","Insights & patterns","System","Apple","Apple, Google, Samsung","3"
"Streak / milestone","Insights & patterns","System","Samsung","Samsung","1"
"Suspected trigger tag","Triggers & exposures","Activity & lifestyle","Human Health","Human Health, Bearable","2"
"Behaviour / habit log","Triggers & exposures","Activity & lifestyle","Human Health","Human Health, Bearable, Exist","3"
"Personal care activity","Triggers & exposures","Activity & lifestyle","Bearable","Bearable","1"
"Weather conditions","Environment & context","Activity & lifestyle","Bearable","Bearable, Exist","2"
"Pollen / air quality","Environment & context","Activity & lifestyle","Bearable","Bearable","1"
"Location / place","Environment & context","Activity & lifestyle","Exist","Exist, Nomie","2"
"Time zone and travel","Environment & context","Activity & lifestyle","Exist","Exist","1"
"People present / social context","Environment & context","Activity & lifestyle","Bearable","Bearable, Nomie","2"
"Screen time and app usage","Environment & context","Activity & lifestyle","Exist","Exist","1"
"Free-text journal entry","Journal & notes","Experience","Human Health","Human Health, Bearable, Nomie","3"
"Daily check-in note","Journal & notes","Experience","Human Health","Human Health","1"
"Note attached to an entry","Journal & notes","Experience","Human Health","Human Health, Bearable, Nomie","3"
"Additional person profile","Household & profiles","Care & admin","Human Health","Human Health, Fasten","2"
"Caregiver / shared access","Household & profiles","Care & admin","Fasten","Fasten","1"
"User-created tracker","Custom & user-defined","System","Human Health","Human Health, Bearable, Exist, Nomie","4"
"Tracker input type (scale, quantity, duration, tag)","Custom & user-defined","System","Exist","Exist, Human Health, Nomie","3"
"Custom tag","Custom & user-defined","System","Exist","Exist, Nomie","2"
"Challenge / leaderboard","Social & motivation","System","Samsung","Samsung","1"
