"Data","Category","Sub-category","Shape","Role","Status","System","Code","Display","UCUM unit","Verified","Note"
"Heart rate","Vitals","Cardiovascular","Measurement","primary","exact","LOINC","8867-4","Heart rate","/min","yes","Also the FHIR vital-signs code."
"Heart rate","Vitals","Cardiovascular","Measurement","variant","exact","LOINC","40443-4","Heart rate --resting","/min","yes","Resting heart rate: same metric, different code. Keep as a variant, not a separate data point."
"Heart rate variability","Vitals","Cardiovascular","Measurement","primary","approximate","LOINC","80404-7","R-R interval.standard deviation (Heart rate variability)","ms","no","Wearables report SDNN or RMSSD and the two are not interchangeable: record which one in the metric definition."
"Blood pressure","Vitals","Cardiovascular","Measurement","primary","exact","LOINC","85354-9","Blood pressure panel with all children optional","","yes","Panel. Matches a two-component Measurement."
"Blood pressure","Vitals","Cardiovascular","Measurement","component","exact","LOINC","8480-6","Systolic blood pressure","mm[Hg]","yes",""
"Blood pressure","Vitals","Cardiovascular","Measurement","component","exact","LOINC","8462-4","Diastolic blood pressure","mm[Hg]","no",""
"ECG trace","Vitals","Cardiovascular","Document","","none","","","","","",""
"Blood oxygen","Vitals","Respiratory","Measurement","primary","exact","LOINC","59408-5","Oxygen saturation in Arterial blood by Pulse oximetry","%","no","Pulse oximetry is the right method for a wearable or finger clip."
"Blood oxygen","Vitals","Respiratory","Measurement","variant","approximate","LOINC","2708-6","Oxygen saturation in Arterial blood","%","no","Generic form; use only if the source gives no method."
"Respiratory rate","Vitals","Respiratory","Measurement","primary","exact","LOINC","9279-1","Respiratory rate","/min","yes",""
"Peak flow / spirometry","Vitals","Respiratory","Measurement","primary","candidate","LOINC","33452-4","Peak expiratory flow rate (to confirm)","L/min","no","This row covers two measures. Split into peak flow and FEV1 (candidate 20150-9, L) when coding for real."
"Blood glucose","Vitals","Metabolic","Measurement","primary","candidate","LOINC","15074-8","Glucose [Moles/volume] in Blood (to confirm)","mmol/L","no","Code depends on specimen, method and unit. Candidates: 15074-8 blood mmol/L, 41653-7 capillary by glucometer mg/dL. Pick by what the source device reports."
"Ketones","Vitals","Metabolic","Measurement","primary","candidate","LOINC","2514-8","Ketones in Urine by Test strip (to confirm)","","no","Urine strip only. Blood ketone (beta-hydroxybutyrate) needs its own code, found at verification."
"Weight","Vitals","Body measures","Measurement","primary","exact","LOINC","29463-7","Body weight","kg","no","Also the FHIR vital-signs code."
"Body composition","Vitals","Body measures","Measurement","primary","approximate","LOINC","41982-0","Percentage of body fat Measured","%","yes","Only body fat has a clean code. Muscle, water and bone mass should become their own metrics before they are coded."
"Body temperature","Vitals","Body measures","Measurement","primary","exact","LOINC","8310-5","Body temperature","Cel","no","Skin-temperature deviation from baseline is a different metric and needs its own entry."
"Height","Vitals","Body measures","Measurement","primary","exact","LOINC","8302-2","Body height","cm","yes",""
"Lab result","Vitals","Laboratory","Measurement","","per-analyte","","","","","",""
"Stoma output volume","Vitals","Digestive output","Measurement","","none","","","","","",""
"Diagnosis / condition","Medical Records","Conditions","Interval","","snomed-later","","","","","",""
"Pregnancy","Medical Records","Conditions","Interval","","snomed-later","","","","","",""
"Family history","Medical Records","Conditions","Standing fact","","snomed-later","","","","","",""
"Allergy","Medical Records","Sensitivities","Interval","","snomed-later","","","","","",""
"Intolerance","Medical Records","Sensitivities","Interval","","snomed-later","","","","","",""
"Surgery / procedure","Medical Records","Procedures","Event","","snomed-later","","","","","",""
"Hospitalisation","Medical Records","Procedures","Interval","","snomed-later","","","","","",""
"Immunisation","Medical Records","Preventive care","Event","","none","","","","","",""
"Appointment","Medical Records","Care & visits","Event","","none","","","","","",""
"Visit / encounter","Medical Records","Care & visits","Event","","none","","","","","",""
"Provider","Medical Records","Care & visits","Catalogue","","own-catalogue","","","","","",""
"Clinical document","Medical Records","Documents","Document","","none","","","","","",""
"Imaging study","Medical Records","Documents","Document","","none","","","","","",""
"Blood type","Medical Records","Identity","Standing fact","primary","candidate","LOINC","883-9","ABO group [Type] in Blood (to confirm)","","no","Two metrics: ABO group and Rh (candidate 10331-7)."
"Insurance & coverage","Medical Records","Administration","Interval","","none","","","","","",""
"Sleep duration","Lifestyle","Sleep","Measurement","primary","exact","LOINC","93832-4","Sleep duration","h","yes",""
"Sleep stages","Lifestyle","Sleep","Measurement","","none","","","","","",""
"Sleep quality rating","Lifestyle","Sleep","Measurement","","none","","","","","",""
"Steps","Lifestyle","Activity","Measurement","primary","exact","LOINC","55423-8","Number of steps in unspecified time Pedometer","{steps}","yes",""
"Workout","Lifestyle","Activity","Event","","none","","","","","",""
"Active energy","Lifestyle","Activity","Derived","","none","","","","","",""
"Meal","Lifestyle","Nutrition & intake","Event","","none","","","","","",""
"Hydration","Lifestyle","Nutrition & intake","Event","","none","","","","","",""
"Caffeine & alcohol","Lifestyle","Nutrition & intake","Event","","none","","","","","",""
"Mood","Lifestyle","Mind & mood","Measurement","","none","","","","","",""
"Stress","Lifestyle","Mind & mood","Measurement","","none","","","","","",""
"Mindfulness session","Lifestyle","Mind & mood","Event","","none","","","","","",""
"Menstrual cycle","Lifestyle","Cycle","Interval","","none","","","","","",""
"Appliance change","Lifestyle","Ostomy routine","Event","","none","","","","","",""
"Wear time","Lifestyle","Ostomy routine","Derived","","none","","","","","",""
"Pouch emptying","Lifestyle","Ostomy routine","Event","","none","","","","","",""
"Accessory used","Lifestyle","Ostomy routine","Event","","none","","","","","",""
"Leak event","Lifestyle","Ostomy routine","Event","","none","","","","","",""
"Output consistency","Lifestyle","Ostomy routine","Measurement","","none","","","","","",""
"Travel & timezone","Lifestyle","Context","Interval","","none","","","","","",""
"Weather & environment","Lifestyle","Context","Measurement","","none","","","","","",""
"Symptom entry","Symptoms","General","Measurement","","snomed-later","","","","","",""
"Flare / episode","Symptoms","General","Interval","","snomed-later","","","","","",""
"Suspected trigger","Symptoms","General","Event","","snomed-later","","","","","",""
"Symptom photo","Symptoms","General","Document","","snomed-later","","","","","",""
"Fatigue","Symptoms","Systemic","Measurement","","snomed-later","","","","","",""
"Fever & chills","Symptoms","Systemic","Measurement","","snomed-later","","","","","",""
"Palpitations","Symptoms","Cardiac","Event","","snomed-later","","","","","",""
"Breathlessness","Symptoms","Respiratory","Measurement","","snomed-later","","","","","",""
"Headache / migraine","Symptoms","Neurological","Event","","snomed-later","","","","","",""
"Brain fog","Symptoms","Neurological","Measurement","","snomed-later","","","","","",""
"Dizziness","Symptoms","Neurological","Event","","snomed-later","","","","","",""
"Nausea","Symptoms","Digestive","Measurement","","snomed-later","","","","","",""
"Pain","Symptoms","Pain","Measurement","primary","approximate","LOINC","72514-3","Pain severity - 0-10 verbal numeric rating [Score] - Reported","{score}","no","Severity only. Location is a SNOMED body-structure concept, handled when symptoms are coded."
"Skin condition","Symptoms","Skin & stoma","Measurement","","snomed-later","","","","","",""
"Peristomal skin discomfort","Symptoms","Skin & stoma","Measurement","","snomed-later","","","","","",""
"Medication","Treatments & appliances","Medication","Catalogue","","din-atc-later","","","","","",""
"Dose scheduled","Treatments & appliances","Medication","Event","","none","","","","","",""
"Dose taken or skipped","Treatments & appliances","Medication","Event","","none","","","","","",""
"As-needed dose","Treatments & appliances","Medication","Event","","none","","","","","",""
"Supplement","Treatments & appliances","Medication","Catalogue","","din-atc-later","","","","","",""
"Side effect","Treatments & appliances","Medication","Event","","snomed-later","","","","","",""
"Treatment course","Treatments & appliances","Therapies","Interval","","none","","","","","",""
"Therapy session","Treatments & appliances","Therapies","Event","","none","","","","","",""
"Ostomy product","Treatments & appliances","Ostomy","Catalogue","","own-catalogue","","","","","",""
"Accessory product","Treatments & appliances","Ostomy","Catalogue","","own-catalogue","","","","","",""
"Medical device","Treatments & appliances","Devices","Catalogue","","own-catalogue","","","","","",""
"Supplies in stock","Treatments & appliances","Supplies","Measurement","","none","","","","","",""
"Supplier","Treatments & appliances","Supplies","Catalogue","","own-catalogue","","","","","",""
"Supply order","Treatments & appliances","Supplies","Event","","none","","","","","",""
"Trial period","Treatments & appliances","Experiments","Interval","","none","","","","","",""
