"Data","Category","Sub-category","Shape","Description","Coding status","Code system","Code","Code display","UCUM unit","Other codings","Verified","Coding note"
"Heart rate","Vitals","Cardiovascular","Measurement","Beats per minute at rest, in activity or overnight. The most commonly synced measure and the one most apps lead with.","exact","LOINC","8867-4","Heart rate","/min","LOINC 40443-4 Heart rate --resting [/min] (variant)","yes","Also the FHIR vital-signs code. | Resting heart rate: same metric, different code. Keep as a variant, not a separate data point."
"Heart rate variability","Vitals","Cardiovascular","Measurement","Variation between consecutive beats, used as a general recovery and autonomic stress indicator.","approximate","LOINC","80404-7","R-R interval.standard deviation (Heart rate variability)","ms","","no","Wearables report SDNN or RMSSD and the two are not interchangeable: record which one in the metric definition."
"Blood pressure","Vitals","Cardiovascular","Measurement","Systolic and diastolic from a cuff, usually logged together with the pulse. Orthostatic pairs matter for some conditions.","exact","LOINC","85354-9","Blood pressure panel with all children optional","","LOINC 8480-6 Systolic blood pressure [mm[Hg]] (component); LOINC 8462-4 Diastolic blood pressure [mm[Hg]] (component)","partial","Panel. Matches a two-component Measurement."
"ECG trace","Vitals","Cardiovascular","Document","A recorded waveform plus the rhythm classification derived from it. Stored as a file, not a number.","none","","","","","","",""
"Blood oxygen","Vitals","Respiratory","Measurement","Percentage saturation, spot-checked or sampled through the night.","exact","LOINC","59408-5","Oxygen saturation in Arterial blood by Pulse oximetry","%","LOINC 2708-6 Oxygen saturation in Arterial blood [%] (variant)","no","Pulse oximetry is the right method for a wearable or finger clip. | Generic form; use only if the source gives no method."
"Respiratory rate","Vitals","Respiratory","Measurement","Breaths per minute, generally derived overnight by a wearable rather than measured directly.","exact","LOINC","9279-1","Respiratory rate","/min","","yes",""
"Peak flow / spirometry","Vitals","Respiratory","Measurement","Lung function measures from a meter: peak expiratory flow, FEV1.","candidate","LOINC","33452-4","Peak expiratory flow rate (to confirm)","L/min","","no","This row covers two measures. Split into peak flow and FEV1 (candidate 20150-9, L) when coding for real."
"Blood glucose","Vitals","Metabolic","Measurement","Fingerstick readings or a continuous sensor stream. One metric, two very different data shapes.","candidate","LOINC","15074-8","Glucose [Moles/volume] in Blood (to confirm)","mmol/L","","no","Code depends on specimen, method and unit. Candidates: 15074-8 blood mmol/L, 41653-7 capillary by glucometer mg/dL. Pick by what the source device reports."
"Ketones","Vitals","Metabolic","Measurement","Blood or urine strip result.","candidate","LOINC","2514-8","Ketones in Urine by Test strip (to confirm)","","","no","Urine strip only. Blood ketone (beta-hydroxybutyrate) needs its own code, found at verification."
"Weight","Vitals","Body measures","Measurement","Scale reading. The trend carries the information; any single value is noise.","exact","LOINC","29463-7","Body weight","kg","","no","Also the FHIR vital-signs code."
"Body composition","Vitals","Body measures","Measurement","Fat, muscle, water and bone mass, usually from a bioimpedance scale.","approximate","LOINC","41982-0","Percentage of body fat Measured","%","","yes","Only body fat has a clean code. Muscle, water and bone mass should become their own metrics before they are coded."
"Body temperature","Vitals","Body measures","Measurement","An absolute reading, or a deviation from your own established baseline.","exact","LOINC","8310-5","Body temperature","Cel","","no","Skin-temperature deviation from baseline is a different metric and needs its own entry."
"Height","Vitals","Body measures","Measurement","Changes almost never, but needed for BMI and for dosing.","exact","LOINC","8302-2","Body height","cm","","yes",""
"Lab result","Vitals","Laboratory","Measurement","Any analyte from a blood or urine panel, with its unit and reference range. Same shape as a home reading; only the source differs.","per-analyte","","","","","","",""
"Stoma output volume","Vitals","Digestive output","Measurement","Millilitres over a period. Sits in Vitals rather than Lifestyle because sustained high output is a clinical dehydration risk.","none","","","","","","",""
"Diagnosis / condition","Medical Records","Conditions","Interval","What you have been diagnosed with, its onset date, and whether it is active or resolved. One of the two things a clinician asks for first.","snomed-later","","","","","","",""
"Pregnancy","Medical Records","Conditions","Interval","Start, end and outcome. An interval, like any other condition.","snomed-later","","","","","","",""
"Family history","Medical Records","Conditions","Standing fact","Hereditary risk: the relative, the condition, and their age at onset.","snomed-later","","","","","","",""
"Allergy","Medical Records","Sensitivities","Interval","Substance, the reaction it causes and how severe. Must be reachable instantly, including from the emergency view.","snomed-later","","","","","","",""
"Intolerance","Medical Records","Sensitivities","Interval","Non-immune reactions to food or medication. Clinically distinct from allergy, even if the words get used loosely.","snomed-later","","","","","","",""
"Surgery / procedure","Medical Records","Procedures","Event","Date, facility, surgeon, and anything implanted or created - including the stoma formation itself.","snomed-later","","","","","","",""
"Hospitalisation","Medical Records","Procedures","Interval","Admission and discharge dates with the reason. Rarely read, must never be lost.","snomed-later","","","","","","",""
"Immunisation","Medical Records","Preventive care","Event","Vaccine, date, product and lot, plus when the next dose is due.","snomed-later","","","","","","",""
"Appointment","Medical Records","Care & visits","Event","A scheduled visit with prep instructions and the questions you want to ask. The one item here that points forward rather than back.","none","","","","","","",""
"Visit / encounter","Medical Records","Care & visits","Event","What happened at a past appointment, what was said and what changed as a result.","none","","","","","","",""
"Provider","Medical Records","Care & visits","Catalogue","A clinician or clinic: specialty, contact details, and your own notes on them.","own-catalogue","","","","","","",""
"Clinical document","Medical Records","Documents","Document","Lab reports, letters, discharge summaries. Attaches to the record it belongs to rather than floating free.","loinc-doc-later","","","","","","",""
"Imaging study","Medical Records","Documents","Document","The radiologist's report plus the image files themselves, which are large and rarely opened.","loinc-doc-later","","","","","","",""
"Blood type","Medical Records","Identity","Standing fact","A permanent attribute whose only real use is the emergency view.","candidate","LOINC","883-9","ABO group [Type] in Blood (to confirm)","","","no","Two metrics: ABO group and Rh (candidate 10331-7)."
"Insurance & coverage","Medical Records","Administration","Interval","Policy, claims, what is reimbursable and what you have already paid.","none","","","","","","",""
"Sleep duration","Lifestyle","Sleep","Measurement","Hours slept and the schedule you kept. Behaviour you control, judged against your own target rather than a clinical band.","exact","LOINC","93832-4","Sleep duration","h","","yes",""
"Sleep stages","Lifestyle","Sleep","Measurement","Deep, light, REM and awake time as estimated by a wearable.","none","","","","","","",""
"Sleep quality rating","Lifestyle","Sleep","Measurement","Your own verdict on the night, which frequently explains what the numbers cannot.","none","","","","","","",""
"Steps","Lifestyle","Activity","Measurement","Daily count. The default ambient activity measure that every device supplies.","exact","LOINC","55423-8","Number of steps in unspecified time Pedometer","{steps}","","yes",""
"Workout","Lifestyle","Activity","Event","Type, duration, intensity and route. Sets, reps and load where it is strength work.","none","","","","","","",""
"Active energy","Lifestyle","Activity","Derived","Calories burned beyond resting metabolism. Computed from movement and heart rate rather than measured.","none","","","","","","",""
"Meal","Lifestyle","Nutrition & intake","Event","What you ate and when. The highest-friction entry in any health app, which is why photo and barcode entry exist.","none","","","","","","",""
"Hydration","Lifestyle","Nutrition & intake","Event","Fluid volume and type. Carries more weight than usual with an ostomy, where intake and output have to balance.","none","","","","","","",""
"Caffeine & alcohol","Lifestyle","Nutrition & intake","Event","Amount and timing. Both correlate strongly enough with sleep and HRV to be worth separating from general intake.","none","","","","","","",""
"Mood","Lifestyle","Mind & mood","Measurement","A daily self-rating as part of a check-in rather than a clinical assessment. A clinical mood problem is recorded as a Symptom instead.","none","","","","","","",""
"Stress","Lifestyle","Mind & mood","Measurement","Self-rated, or inferred by a wearable from heart rate variability.","none","","","","","","",""
"Mindfulness session","Lifestyle","Mind & mood","Event","Duration and type, sometimes with the physiological response alongside.","none","","","","","","",""
"Menstrual cycle","Lifestyle","Cycle","Interval","Phase and flow. Not behaviour, but a daily log without a clinical band, so the axis places it here.","none","","","","","","",""
"Appliance change","Lifestyle","Ostomy routine","Event","When the pouch was changed, which product was used, and whether it was scheduled or forced by a leak.","via-catalogue","","","","","","",""
"Wear time","Lifestyle","Ostomy routine","Derived","How long an appliance stayed on. Computed from consecutive change events, and the headline outcome for comparing products.","none","","","","","","",""
"Pouch emptying","Lifestyle","Ostomy routine","Event","Frequency and timing across the day.","none","","","","","","",""
"Accessory used","Lifestyle","Ostomy routine","Event","Barrier ring, paste, powder, adhesive remover - what went on alongside the appliance.","via-catalogue","","","","","","",""
"Leak event","Lifestyle","Ostomy routine","Event","When and where a seal failed. The event you most want to drive toward zero, and the clearest signal a product is wrong.","none","","","","","","",""
"Output consistency","Lifestyle","Ostomy routine","Measurement","A Bristol-style ordinal scale for stoma or bowel output, logged alongside volume.","none","","","","","","",""
"Travel & timezone","Lifestyle","Context","Interval","Explains sudden shifts in sleep, activity and almost every other metric.","none","","","","","","",""
"Weather & environment","Lifestyle","Context","Measurement","Temperature, humidity, pollen, air quality. Correlation context rather than a destination of its own.","none","","","","","","",""
"Symptom entry","Symptoms","General","Measurement","What you felt and how severe, with a timestamp. The generic record the whole category is built on.","snomed-later","","","","","","",""
"Flare / episode","Symptoms","General","Interval","A period rather than a moment, with a start, an end and a severity curve. A different record shape from a point log.","snomed-later","","","","","","",""
"Suspected trigger","Symptoms","General","Event","What you believe set a symptom off. The input side of every correlation the app will run.","snomed-later","","","","","","",""
"Symptom photo","Symptoms","General","Document","A picture of the same site over time, which communicates change better than any written score.","snomed-later","","","","","","",""
"Fatigue","Symptoms","Systemic","Measurement","Often the most actionable subjective measure in chronic illness, and the hardest to capture consistently.","snomed-later","","","","","","",""
"Fever & chills","Symptoms","Systemic","Measurement","Self-reported feeling, distinct from the thermometer reading that belongs in Vitals.","snomed-later","","","","","","",""
"Palpitations","Symptoms","Cardiac","Event","Awareness of the heartbeat - racing, skipping or pounding. Worth logging separately from any ECG it prompts.","snomed-later","","","","","","",""
"Breathlessness","Symptoms","Respiratory","Measurement","At rest or on exertion, which are clinically quite different things.","snomed-later","","","","","","",""
"Headache / migraine","Symptoms","Neurological","Event","An episode with onset, duration and intensity, frequently worth its own focused view.","snomed-later","","","","","","",""
"Brain fog","Symptoms","Neurological","Measurement","Self-rated clarity and concentration.","snomed-later","","","","","","",""
"Dizziness","Symptoms","Neurological","Event","Lightheadedness or vertigo, often tied to hydration or blood pressure.","snomed-later","","","","","","",""
"Nausea","Symptoms","Digestive","Measurement","Severity and its relation to meals or medication timing.","snomed-later","","","","","","",""
"Pain","Symptoms","Pain","Measurement","Location, intensity and quality, usually entered on a body map rather than typed.","approximate","LOINC","72514-3","Pain severity - 0-10 verbal numeric rating [Score] - Reported","{score}","","no","Severity only. Location is a SNOMED body-structure concept, handled when symptoms are coded."
"Skin condition","Symptoms","Skin & stoma","Measurement","Rash, irritation or healing, tracked more reliably with serial photos than with words.","snomed-later","","","","","","",""
"Peristomal skin discomfort","Symptoms","Skin & stoma","Measurement","Irritation, burning or soreness around the stoma, as you experience it rather than as it is scored.","snomed-later","","","","","","",""
"Medication","Treatments & appliances","Medication","Catalogue","The drug itself: name, strength, form, route and the reason you take it. A catalogue entry, not an event.","din-atc-later","","","","","","",""
"Dose scheduled","Treatments & appliances","Medication","Event","A planned dose at a time of day, which is what the reminder and the daily plan are built from.","via-catalogue","","","","","","",""
"Dose taken or skipped","Treatments & appliances","Medication","Event","What actually happened. The skipped case carries as much information as the taken one and is missed by most apps.","via-catalogue","","","","","","",""
"As-needed dose","Treatments & appliances","Medication","Event","PRN medication. How often you reach for it is clinically meaningful in its own right.","via-catalogue","","","","","","",""
"Supplement","Treatments & appliances","Medication","Catalogue","Vitamins and non-prescription products, modelled the same way as medication.","din-atc-later","","","","","","",""
"Side effect","Treatments & appliances","Medication","Event","An unwanted effect linked back to a specific drug and dose rather than floating loose as a symptom.","snomed-later","","","","","","",""
"Treatment course","Treatments & appliances","Therapies","Interval","A defined period on a therapy, with a start and an end.","none","","","","","","",""
"Therapy session","Treatments & appliances","Therapies","Event","Physio, psychology, dental or any recurring non-drug care appointment that is treatment rather than consultation.","none","","","","","","",""
"Ostomy product","Treatments & appliances","Ostomy","Catalogue","The appliance as a catalogue entry: brand, reference code, convexity, flange size, barrier type. The single most important thing not to model as free text.","own-catalogue","","","","","","",""
"Accessory product","Treatments & appliances","Ostomy","Catalogue","Rings, pastes and sprays, each with their own reference and attributes.","own-catalogue","","","","","","",""
"Medical device","Treatments & appliances","Devices","Catalogue","CPAP, pump, CGM and similar, with their settings and their own consumables.","own-catalogue","","","","","","",""
"Supplies in stock","Treatments & appliances","Supplies","Measurement","How many you have left and the reorder threshold. A running quantity rather than a fixed property.","none","","","","","","",""
"Supplier","Treatments & appliances","Supplies","Catalogue","Where supplies come from: contact, lead time, and what they are allowed to bill.","own-catalogue","","","","","","",""
"Supply order","Treatments & appliances","Supplies","Event","A dated order with quantities, cost and coverage.","none","","","","","","",""
"Trial period","Treatments & appliances","Experiments","Interval","A labelled interval on one configuration, so outcomes compare period against period instead of being averaged across every change you have ever made.","none","","","","","","",""
